{
  "0": 324.620616322391,
  "1": 327.15607475288596,
  "2": 344.6237518566506,
  "3": 340.0329708141473,
  "4": 335.8419667080548,
  "5": 328.5323330182629,
  "6": 329.30538700862803,
  "7": 315.94434663010827,
  "8": 315.83654811618965,
  "9": 321.49112603587065,
  "10": 309.6057669573561,
  "11": 310.3997285010571,
  "12": 295.77695099742016,
  "13": 295.3156109542395,
  "14": 302.44673127933487
}