{
  "0": 404.4049975938201,
  "1": 374.67729889406263,
  "2": 345.327810756211,
  "3": 304.05153077873837,
  "4": 305.06918491474664,
  "5": 286.2947464329891,
  "6": 278.59133246297347,
  "7": 272.3961915700237,
  "8": 277.4681794903157,
  "9": 269.9127004026633,
  "10": 276.72826812477325,
  "11": 262.8293336614796,
  "12": 274.46436755475474,
  "13": 262.56743040368195,
  "14": 268.0255739925317,
  "15": 263.40206383008433,
  "16": 265.07980708357405,
  "17": 260.22303574515786,
  "18": 266.2611698920832,
  "19": 282.2187541779963,
  "20": 266.67758335848646,
  "21": 277.32042775234834,
  "22": 282.7907739179698,
  "23": 257.31999266037633,
  "24": 261.21068729394165,
  "25": 260.15087646400565,
  "26": 295.3116526921697,
  "27": 257.0533502267716,
  "28": 264.13583275388095,
  "29": 262.7198535740315,
  "30": 271.1874815645618,
  "31": 265.51925986345407,
  "32": 261.3714505869899,
  "33": 273.45665552012537,
  "34": 266.8141502994583,
  "35": 269.3948754353954,
  "36": 276.76891338669645,
  "37": 287.13003440960665,
  "38": 271.4609752026066,
  "39": 266.74512180110185,
  "40": 265.29541334143937,
  "41": 278.5034052106379,
  "42": 265.34558593047586,
  "43": 267.0218927270006,
  "44": 267.2024564478145,
  "45": 265.30339838570796,
  "46": 275.1527237794637,
  "47": 284.23243225060617,
  "48": 259.9299390486302,
  "49": 277.52736560343476,
  "50": 263.1289885962021,
  "51": 275.50958129165633,
  "52": 270.8507093698554,
  "53": 271.15479114900756,
  "54": 268.15100742688026,
  "55": 273.0052397885268,
  "56": 268.03929018745856,
  "57": 270.20316119456066,
  "58": 265.1544453720983,
  "59": 266.4124544577646
}