{
  "0": {
    "0": 419.89574558392974,
    "1": 386.7276730315447,
    "2": 349.07180341049207,
    "3": 297.38831686102236,
    "4": 303.5977940929663,
    "5": 282.27564272880477,
    "6": 283.82707226474747,
    "7": 271.6828085697522,
    "8": 292.7914437654428,
    "9": 262.57665579013883,
    "10": 267.77335427250125,
    "11": 267.5950255767164,
    "12": 275.36289381573084,
    "13": 262.77790669087545,
    "14": 270.5439349723104,
    "15": 265.7840918109408,
    "16": 259.6948761074119,
    "17": 250.85938022908317,
    "18": 257.66382276667247,
    "19": 270.7666120454524,
    "20": 260.23871151657335,
    "21": 280.9156600739126,
    "22": 293.96079098195634,
    "23": 261.7723753864285,
    "24": 259.2000066331742,
    "25": 258.0899307474682,
    "26": 286.0157361847597,
    "27": 259.7116037756709,
    "28": 271.0117390979743,
    "29": 262.574425855718,
    "30": 273.12267566171874,
    "31": 266.2184247950635,
    "32": 258.49740855734694,
    "33": 275.93987585799624,
    "34": 262.4726893475849,
    "35": 266.5576161601132,
    "36": 275.198498388721,
    "37": 267.95647016813365,
    "38": 268.496974030629,
    "39": 255.5089275388711,
    "40": 256.8079440271304,
    "41": 268.306223610968,
    "42": 252.39514133055633,
    "43": 258.23165028985386,
    "44": 261.297270063775,
    "45": 266.08273334738647,
    "46": 272.7789958426243,
    "47": 280.0912082239763,
    "48": 267.0599892238854,
    "49": 283.3695714914793,
    "50": 268.3365106389293,
    "51": 262.7409971202451,
    "52": 268.1358936459061,
    "53": 264.3297429325012,
    "54": 263.7585437533182,
    "55": 267.06463938589803,
    "56": 265.23712702754034,
    "57": 271.0403626781162,
    "58": 256.68257513978494,
    "59": 255.02534897682054
  },
  "1": {
    "0": 424.5467946991375,
    "1": 388.45285649731926,
    "2": 373.271911173449,
    "3": 323.6512430582475,
    "4": 335.56929356331733,
    "5": 303.5820222176146,
    "6": 301.2111730645838,
    "7": 284.58422213285985,
    "8": 299.75799375456927,
    "9": 282.24526991563323,
    "10": 283.6707329082732,
    "11": 278.68464816854976,
    "12": 270.9340625703048,
    "13": 273.00790322717523,
    "14": 263.2467790760996,
    "15": 265.77739299208565,
    "16": 275.2390741542135,
    "17": 281.3828056629825,
    "18": 306.7704004626195,
    "19": 291.6305813439369,
    "20": 275.5176626457352,
    "21": 292.96596400009844,
    "22": 308.99105623779076,
    "23": 281.0623692644044,
    "24": 292.8237974830198,
    "25": 280.29632693852415,
    "26": 313.25768686909015,
    "27": 279.8557127795872,
    "28": 284.66013981733863,
    "29": 282.18038282517193,
    "30": 289.02942372957193,
    "31": 299.7097357973624,
    "32": 288.5175707352981,
    "33": 308.39514129373356,
    "34": 302.71597967644107,
    "35": 304.72153738827063,
    "36": 293.2398034290738,
    "37": 332.3783794487332,
    "38": 301.86416542263373,
    "39": 289.2488583115038,
    "40": 293.97823690756724,
    "41": 296.64273161325616,
    "42": 278.8260531099135,
    "43": 288.6861763891148,
    "44": 293.5143343029905,
    "45": 271.6867111403386,
    "46": 314.06211055340464,
    "47": 320.9434646636371,
    "48": 293.2124346548196,
    "49": 313.18380284416435,
    "50": 272.1008248656209,
    "51": 287.67817704449664,
    "52": 300.6954426632494,
    "53": 307.09924552078263,
    "54": 303.2898542402089,
    "55": 295.05598565207384,
    "56": 306.5553193088788,
    "57": 307.8045158235196,
    "58": 285.73703161527294,
    "59": 279.35399944458817
  },
  "2": {
    "0": 384.3023112700156,
    "1": 347.9071473492352,
    "2": 327.0353065086399,
    "3": 280.9298465934336,
    "4": 273.93107745120244,
    "5": 274.13469912831727,
    "6": 254.32680872571729,
    "7": 261.1518651708086,
    "8": 259.51882533181913,
    "9": 256.35633604397606,
    "10": 265.6907282963572,
    "11": 247.82945434808835,
    "12": 265.3344173730951,
    "13": 251.2112766149773,
    "14": 262.7586518861709,
    "15": 244.1149551113976,
    "16": 250.7569625509637,
    "17": 238.9226103066706,
    "18": 251.2060551327187,
    "19": 272.47100203051116,
    "20": 265.29130088214777,
    "21": 249.32978984271563,
    "22": 252.0736214450815,
    "23": 236.511430451043,
    "24": 235.87638397012378,
    "25": 242.64934871761562,
    "26": 298.9483862275073,
    "27": 245.63388220056225,
    "28": 252.87996126429962,
    "29": 243.01600919308947,
    "30": 259.6079444218458,
    "31": 246.2147171819044,
    "32": 244.18331843675475,
    "33": 252.74818578840336,
    "34": 257.2265607514557,
    "35": 251.0431462533206,
    "36": 263.6704977281537,
    "37": 287.6135370983438,
    "38": 259.4065941243014,
    "39": 263.19980242294866,
    "40": 245.81395726064204,
    "41": 263.36961649387075,
    "42": 245.4797293654159,
    "43": 249.6512288926269,
    "44": 247.22029263610114,
    "45": 256.1396580004198,
    "46": 258.9670342260306,
    "47": 282.7866785226338,
    "48": 241.85952696737576,
    "49": 258.42052092035533,
    "50": 256.79770535336047,
    "51": 261.36839051281913,
    "52": 252.66505146859413,
    "53": 260.92063067518745,
    "54": 253.5075552578894,
    "55": 255.4776889063809,
    "56": 259.9168006434827,
    "57": 264.3555386283041,
    "58": 268.44300443482496,
    "59": 270.5863151739196
  },
  "3": {
    "0": 392.1236774640187,
    "1": 371.5944573599091,
    "2": 337.8425281870682,
    "3": 307.1194845181256,
    "4": 301.08606617560497,
    "5": 287.7868712121147,
    "6": 274.91843808989347,
    "7": 266.0062811358533,
    "8": 280.7482086236863,
    "9": 269.7763636268637,
    "10": 274.73078780975396,
    "11": 253.1494036328267,
    "12": 260.2493656450205,
    "13": 250.51808099273313,
    "14": 261.04411691711016,
    "15": 259.5280242786014,
    "16": 247.65498899623083,
    "17": 243.55739910336942,
    "18": 247.42872821312795,
    "19": 273.5238391727901,
    "20": 255.81546030520735,
    "21": 278.12859235747715,
    "22": 273.24297161219073,
    "23": 259.42709668676065,
    "24": 262.2603265207325,
    "25": 249.66040731476164,
    "26": 278.63815528800774,
    "27": 242.0168902057381,
    "28": 262.88987780947406,
    "29": 258.0276527931495,
    "30": 265.3295572032341,
    "31": 253.19197741465877,
    "32": 257.5656061616928,
    "33": 259.4233821736108,
    "34": 251.61511465411948,
    "35": 259.7363919601916,
    "36": 262.95300083491975,
    "37": 285.4383496624989,
    "38": 256.6527754164057,
    "39": 252.30910943795226,
    "40": 263.899285954319,
    "41": 274.2154202262401,
    "42": 271.6312416066763,
    "43": 280.5004680344163,
    "44": 267.70513774937416,
    "45": 266.22913823441854,
    "46": 276.763712376307,
    "47": 282.45674912026766,
    "48": 264.38501576664055,
    "49": 274.8469743433344,
    "50": 274.464514734346,
    "51": 287.4117780888093,
    "52": 279.76824802218493,
    "53": 266.00092929483355,
    "54": 269.1292727958412,
    "55": 276.37561351144944,
    "56": 262.1577371703295,
    "57": 255.38968924335543,
    "58": 269.8567120783887,
    "59": 260.4058165547051
  },
  "4": {
    "0": 413.9167251148346,
    "1": 387.769691244797,
    "2": 344.9209376072885,
    "3": 296.9560724503625,
    "4": 299.2727354062729,
    "5": 289.2570692236394,
    "6": 274.25539478359553,
    "7": 267.1498764678643,
    "8": 263.9903873822168,
    "9": 281.1073838720613,
    "10": 294.5360882084787,
    "11": 270.9150577865068,
    "12": 292.7584317223489,
    "13": 277.6682705995959,
    "14": 288.85282259789767,
    "15": 274.9685335432588,
    "16": 273.6754303154969,
    "17": 264.27434590706457,
    "18": 264.8187595202069,
    "19": 296.88605211813405,
    "20": 265.1280119839754,
    "21": 274.1654526573825,
    "22": 284.92665854821666,
    "23": 249.83971910110796,
    "24": 263.6505111767939,
    "25": 262.65385128161824,
    "26": 303.75801963220727,
    "27": 265.99493035664176,
    "28": 265.80520703488673,
    "29": 270.38362132215525,
    "30": 273.52194262172736,