{
  "0": {
    "0": 328.4057979205038,
    "1": 334.74941517864096,
    "2": 348.21785612942244,
    "3": 340.5185549295662,
    "4": 338.1332636501037,
    "5": 335.54609056682364,
    "6": 330.7116587225038,
    "7": 326.2240275458837,
    "8": 322.28901396152673,
    "9": 326.50469087739737,
    "10": 308.35003927392813,
    "11": 309.0358447845993,
    "12": 297.9085535879627,
    "13": 296.5822850794757,
    "14": 304.7884392595214
  },
  "1": {
    "0": 334.5026186256539,
    "1": 342.6475327363154,
    "2": 358.6053823556102,
    "3": 348.4656587257569,
    "4": 341.14628772422856,
    "5": 332.28570148765345,
    "6": 337.27199612019524,
    "7": 324.67731242176245,
    "8": 323.5462742534822,
    "9": 336.32266655972694,
    "10": 322.4358400072562,
    "11": 325.01406237984196,
    "12": 309.21258182665275,
    "13": 300.24883767339185,
    "14": 311.60493268397005
  },
  "2": {
    "0": 316.48848928244496,
    "1": 321.69738861176097,
    "2": 341.18016223498216,
    "3": 351.83808737042705,
    "4": 335.2503181659852,
    "5": 328.0659394645207,
    "6": 332.9111145047356,
    "7": 323.53659515159876,
    "8": 319.8111852107719,
    "9": 332.01587093524165,
    "10": 313.7004959334101,
    "11": 311.88331301002586,
    "12": 291.4475480421732,
    "13": 289.37806262699644,
    "14": 288.7055727888513
  },
  "3": {
    "0": 322.8139383991808,
    "1": 323.2379909989605,
    "2": 350.4030077826334,
    "3": 341.65424542530917,
    "4": 347.97192437438895,
    "5": 334.627982651012,
    "6": 323.138912357188,
    "7": 311.5272289884962,
    "8": 307.00568876712254,
    "9": 317.35710353657146,
    "10": 300.7921105749947,
    "11": 307.8219992709333,
    "12": 290.6408067446661,
    "13": 299.81213943238606,
    "14": 302.37680853871024
  },
  "4": {
    "0": 320.89223738417155,
    "1": 313.448046238752,
    "2": 324.71235078060494,
    "3": 317.68830761967695,
    "4": 316.70803962556784,
    "5": 312.1359509213045,
    "6": 322.49325333851743,
    "7": 293.75656904280015,
    "8": 306.53057838804517,
    "9": 295.2552982704157,
    "10": 302.75034899719117,
    "11": 298.24342305988506,
    "12": 289.67526478564594,
    "13": 290.55672995894736,
    "14": 304.7579031256214
  }
}